X6	SNP	BP	A1	A2	INFO	OR	SE	P
6	rs10883668	103398834	A	G	0.989	0.95466	0.017	0.006338
6	rs7133215	103543694	T	G	0.986	0.95418	0.0202	0.02013
6	rs12726478	102249468	A	G	0.983	1.03863	0.014	0.006954
6	rs8038125	102249178	T	G	0.985	1.03998	0.0165	0.01778
